RBG2026RBOB Gasoline Futures (Feb 2026),1/30/2026,1.8286
RBH2026RBOB Gasoline Futures (Mar 2026),2/27/2026,1.8523
RBJ2026RBOB Gasoline Futures (Apr 2026),3/31/2026,2.074
RBK2026RBOB Gasoline Futures (May 2026),4/30/2026,2.0814
RBM2026RBOB Gasoline Futures (Jun 2026),5/29/2026,2.0688
RBN2026RBOB Gasoline Futures (Jul 2026),6/30/2026,2.0499
RBQ2026RBOB Gasoline Futures (Aug 2026),7/31/2026,2.0271
RBU2026RBOB Gasoline Futures (Sep 2026),8/31/2026,1.9876
RBV2026RBOB Gasoline Futures (Oct 2026),9/30/2026,1.84
RBX2026RBOB Gasoline Futures (Nov 2026),10/30/2026,1.78
RBZ2026RBOB Gasoline Futures (Dec 2026),11/30/2026,1.7496
RBF2027RBOB Gasoline Futures (Jan 2027),12/31/2026,1.7428
RBG2027RBOB Gasoline Futures (Feb 2027),1/29/2027,1.7651
RBH2027RBOB Gasoline Futures (Mar 2027),2/26/2027,1.7822
RBJ2027RBOB Gasoline Futures (Apr 2027),3/31/2027,1.9835
RBK2027RBOB Gasoline Futures (May 2027),4/30/2027,1.9884
RBM2027RBOB Gasoline Futures (Jun 2027),5/28/2027,1.9831
RBN2027RBOB Gasoline Futures (Jul 2027),6/30/2027,1.9676
RBQ2027RBOB Gasoline Futures (Aug 2027),7/30/2027,1.9471
RBU2027RBOB Gasoline Futures (Sep 2027),8/31/2027,1.9202
RBV2027RBOB Gasoline Futures (Oct 2027),9/30/2027,1.7864
RBX2027RBOB Gasoline Futures (Nov 2027),10/29/2027,1.7595
RBZ2027RBOB Gasoline Futures (Dec 2027),11/30/2027,1.7429
RBF2028RBOB Gasoline Futures (Jan 2028),12/31/2027,1.7412
RBG2028RBOB Gasoline Futures (Feb 2028),1/31/2028,1.7543
RBH2028RBOB Gasoline Futures (Mar 2028),2/29/2028,1.7729
RBJ2028RBOB Gasoline Futures (Apr 2028),3/31/2028,1.9614
RBK2028RBOB Gasoline Futures (May 2028),4/28/2028,1.9773
RBM2028RBOB Gasoline Futures (Jun 2028),5/31/2028,1.9724
RBN2028RBOB Gasoline Futures (Jul 2028),6/30/2028,1.9619
RBQ2028RBOB Gasoline Futures (Aug 2028),7/31/2028,1.9457
RBU2028RBOB Gasoline Futures (Sep 2028),8/31/2028,1.9146
RBV2028RBOB Gasoline Futures (Oct 2028),9/29/2028,1.7872
RBX2028RBOB Gasoline Futures (Nov 2028),10/31/2028,1.7569
RBZ2028RBOB Gasoline Futures (Dec 2028),11/30/2028,1.7387
RBF2029RBOB Gasoline Futures (Jan 2029),12/29/2028,1.7362
RBG2029RBOB Gasoline Futures (Feb 2029),1/31/2029,1.7493
RBH2029RBOB Gasoline Futures (Mar 2029),2/28/2029,1.7682
RBJ2029RBOB Gasoline Futures (Apr 2029),3/29/2029,1.9568
RBK2029RBOB Gasoline Futures (May 2029),4/30/2029,1.9728
RBM2029RBOB Gasoline Futures (Jun 2029),5/31/2029,1.9681
RBN2029RBOB Gasoline Futures (Jul 2029),6/29/2029,1.9578
RBQ2029RBOB Gasoline Futures (Aug 2029),7/31/2029,1.9417
RBU2029RBOB Gasoline Futures (Sep 2029),8/31/2029,1.9109
RBV2029RBOB Gasoline Futures (Oct 2029),9/28/2029,1.7835
RBX2029RBOB Gasoline Futures (Nov 2029),10/31/2029,1.7535
RBZ2029RBOB Gasoline Futures (Dec 2029),11/30/2029,1.7363
RBF2030RBOB Gasoline Futures (Jan 2030),12/31/2029,1.7338
